[
  {
    "title": "React Work",
    "imageSrc": "/assets/projects/project.png",
    "description": "This is a project made to learn the latest languages by building an app.",
    "skills": ["React", "JavaScript", "JSX", "JavaScript", "CSS"],
    "source": "https://github.com/ROHIT3496484/React-work/"
  },
  {
    "title": "Portfolio Project",
    "imageSrc": "/assets/projects/project.png",
    "description": "This project is about my detailed profile and skills and projects done by me.",
    "skills": ["React", "JavaScript", "JSX", "CSS", "JSON"],
    "source": "https://www.github.com/ROHIT3496484/React/"
  },
  {
    "title": "Music Genres Classification",
    "imageSrc": "/assets/projects/project.png",
    "description": ["Preprocessed the audio signals from GTZAN dataset with the help of librosa python audio library Used","Recurrent Neural Network(LSTM) model to classify a given audio sample into one of the 10 different music genres. Analysed and compared the performance of LSTM models with different parameters."],
    "skills": ["Python", "LSTM", "RNN"],
    "source": "https://www.github.com/ROHIT3496484/Music-Genres-Classification/"
  }
]
