[
  {
    "title": "HTML",
    "imageSrc": "/assets/skills/html.png"
  },
  {
    "title": "CSS",
    "imageSrc": "/assets/skills/css.png"
  },
  {
    "title": "React",
    "imageSrc": "/assets/skills/react.png"
  },
  {
    "title": "Docker",
    "imageSrc": "/assets/skills/docker.jpg"
  },
  {
    "title": "Linux",
    "imageSrc": "/assets/skills/Linux.jpg"
  },
  {
    "title": "C++",
    "imageSrc": "/assets/skills/C-PNG-Image.png"
  },
  {
    "title": "Python(Basic)",
    "imageSrc": "/assets/skills/Python.png"
  }
]
